Center_Name,Type ,Region,Address,Phone,Street Number,Street Name,Postal Code,City
Unité Bilans et Evaluations Diagnostiques,D,Hauts-de-France,1 boulevard du professeur Jules Leclercq 59000 LILLE,320444486,1,boulevard du professeur Jules Leclercq,59000,LILLE
CDAA 45 Centre de  Diagnostic et dAccompagnement précoces de lAutisme,D,Centre-Val de Loire,4 rue de la Bascule 45100 ORLEANS,238222284,4,rue de la Bascule,45100,ORLEANS
Equipe Diagnostic Autisme de Proximité de la Haute-Saône,D,Bourgogne-Franche-Comté,2 rue Heymès CAMSP70 70014 VESOUL,384966067,2,rue Heymès CAMSP70,70014,VESOUL
Centre d'Evaluation et de Diagnostic de l'Autisme Drôme Ardèche CEDA,D,Auvergne-Rhône-Alpes,13/15 rue Alfred De Musset 26000 VALENCE,475856810,,13/15 rue Alfred De Musset,26000,VALENCE
CEDA Ain,D,Auvergne-Rhône-Alpes,14 rue de l'Ecole 01000 BOURG EN BRESSE,474522708,14,rue de l'Ecole,01000,BOURG EN BRESSE
ETADA Equipe Territoriale d'Appui  au Diagnostic de l'Autisme ),D,Normandie,62 route de conches 27022  EVREUX cedex,232317798,62,route de conches,27022,EVREUX cedex
PLURADYS,D,Bourgogne-Franche-Comté,16 rue du Cap Vert 21800 QUETIGNY,380500948,16,rue du Cap Vert,21800,QUETIGNY
PCO TND Réseau ANAIS ISÈRE 38,D,Auvergne-Rhône-Alpes,3 rue de la gare  38400 SAINT MARTIN DHERES,476251969,3,rue de la gare,38400,SAINT MARTIN DHERES
PCO TND OVE,D,Auvergne-Rhône-Alpes,3 montée de Cras 69700 GIVORS,487649126,3,montée de Cras,69700,GIVORS
"PLATEFORME DE DIAGNOSTIC ""A PETIT PAS""",D,Auvergne-Rhône-Alpes,408 rue de Remparts  69400  VILLEFRANCHE SUR SAÔNE,426476509,408,rue de Remparts,69400,VILLEFRANCHE SUR SAÔNE
PCO TND Fondation ARHM,D,Auvergne-Rhône-Alpes,23 rue Saint Maximin 69003 LYON,487343810,23,rue Saint Maximin,69003,LYON
PCO TND ADAPEI 15,D,Auvergne-Rhône-Alpes,1 rue Laparra de Fieux 15000  AURILLAC,471473013,1,rue Laparra de Fieux,15000,AURILLAC
PCO TND PEP71,D,Bourgogne-Franche-Comté,4 rue Maréchal De Lattre de Tassigny  71000   CHALON SUR SAONE,609503686,4,rue Maréchal De Lattre de Tassigny,71000,CHALON SUR SAONE
UEDE22 (unité d'évaluation diagnostique Enfants 22),D,Bretagne,22 rue Alain Colas  22950  TREGUEUX,296655929,22,rue Alain Colas,22950,TREGUEUX
PCO TND Nord (0/12ans) 29,D,Bretagne,11 rue Albert Le Brun 29400  LANDIVISIAU,298687400,11,rue Albert Le Brun,29400,LANDIVISIAU
PCO TND 35,D,Bretagne,16 rue de Jouanet  35700  RENNES,230963880,16,rue de Jouanet,35700,RENNES
PCO TND 36,D,Centre-Val de Loire,8 rue de Vallière 36120 ARDENTES,645047783,8,rue de Vallière,36120,ARDENTES
PLATEFORME DÉPARTEMENTALE DE DÉPISTAGE PRÉCOCE DE LAUTISME PEP 18,D,Centre-Val de Loire,Parc Comitec  18000  BOURGES,248232777,,Parc Comitec,18000,BOURGES
LA MAISON POUR LES PERSONNES AUTISTES DU DÉPARTEMENT D'EURE ET LOIR (M.D.P.A.),D,Centre-Val de Loire,34 rue du Dr Maunoury  28000  CHARTRES,237303855,34,rue du Dr Maunoury,28000,CHARTRES
Centre Universitaire de Pédopsychiatrie  DADA37,D,Centre-Val de Loire,Centre Universitaire de Pédopsychiatrie - CHRU de TOURS  37044  TOURS,247476094,,Centre Universitaire de Pédopsychiatrie - CHRU de TOURS,37044,TOURS
PCO TND 33 Centre Hospitalier Charles Perrens,D,Nouvelle-Aquitaine,121 Rue de la Béchade 33076 BORDEAUX,556563544,121,Rue de la Béchade,33076,BORDEAUX
PCO TND FONDATION BON SAUVEUR D'ALBY 81,D,Occitanie,7 rue de Lavazière  81025  ALBI,563485540,7,rue de Lavazière,81025,ALBI
PCO TND CH Narbonne 11,D,Occitanie,Boulevard Dr Lacroix 11108  11108 NARBONNE,468426000,,Boulevard Dr Lacroix,11108,11108 NARBONNE
RECOLTE,D,Nouvelle-Aquitaine,10 allée du Champ Dinard 86440  MIGNE-AUXANCES,549596986,10,allée du Champ Dinard,86440,MIGNE-AUXANCES
PCO TND 0-12 ans Var  UGECAM,D,Provence-Alpes-Côte d'azur,Avenue Gilles de Gennes 83160  LA VALETTE DU VAR,483420899,,Avenue Gilles de Gennes,83160,LA VALETTE DU VAR
PCO TND OSCAR 44,D,Pays-de-la-Loire,58 ter et quater boulevard Victor Hugo 44200 NANTES,253526310,58,ter et quater boulevard Victor Hugo,44200,NANTES
PCO TND CHU AMIENS PICARDIE 80,D,Hauts-de-France,Place Victor Pauchet 80054  AMIENS,322087698,,Place Victor Pauchet,80054,AMIENS
CAMPS ARSEA Équipe de Diagnostic et dIntervention Précoce Autisme EDIPA 68,D,Grand Est,140 rue de Logelbach   68 000  COLMAR,389304086,,140 rue de Logelbach   68 000  COLMAR,,
C.A.M.S.P. Pierre Burgun AAPEI (EDIPA) Equipe de Diagnostic et d'Intervention Précoce Autisme,D,Grand Est,33 rue du Barrage 67300  SCHILTIGHEIM,388810371,33,rue du Barrage,67300,SCHILTIGHEIM
(EDIPA) Equipe de Diagnostic et d'Intervention Précoce de l'Autisme NORD ALSACE 67,D,Grand Est,63 route de Marienthal 67500  HAGUENAU,388054855,63,route de Marienthal,67500,HAGUENAU
PCO TND PEP2B CORSE,D,Corse,Lieu-dit Distindinu Moriani-Plage 20230 SAN NICOLAO,495387855,,Lieu-dit Distindinu Moriani-Plage,20230,SAN NICOLAO
PCO TND 0/12 ans - FONDATION PERE FAVRON REUNION,D,DROM - PTOM (97-98),3 rue Marius et Ary Leblond  97899 SAINT LOUIS,262701102,3,rue Marius et Ary Leblond,97899,SAINT LOUIS
CELLULE DE DIAGNOSTIC ADAPEI 973 GUYANE,D,DROM - PTOM (97-98),BP 727 rue Sadecky Cité Grant  97336  CAYENNE,594294377,,BP 727 rue Sadecky Cité Grant,97336,CAYENNE
PCO du Haut-Rhin,D,Grand Est,29 rue Kléber SESSAD CAMSP27   68800  THANN,389371038,29,rue Kléber SESSAD CAMSP27,68800,THANN
EDIPA 1 Sud Alsace  C.A.M.S.P.,D,Grand Est,7 boulevard Roosevelt  68200  MULHOUSE,389452003,7,boulevard Roosevelt,68200,MULHOUSE
C.A.M.S.P.  A.P.F.,D,Grand Est,2A rue des alouettes  68110  ILLZACH,389528850,,2A rue des alouettes,68110,ILLZACH
C.A.M.S.P.  APF,D,Grand Est,7 rue du général de Gaulle  68220  HESINGUE,389073660,7,rue du général de Gaulle,68220,HESINGUE
EDIPA 3 : C.A.M.S.P. APEI CENTRE ALSACE,D,Grand Est,18  route de Sélestat 67730  CHATENOIS,388826870,18,route de Sélestat,67730,CHATENOIS
C.A.M.S.P. DE LA BRUCHE,D,France,5 parc du Bergopre  67130  SCHIRMECK,388503335,5,parc du Bergopre,67130,SCHIRMECK
C.A.M.S.P. APAEIIE,D,Grand Est,2 rue de lArtisanat  67700  Saverne,03.88.89.88.89,2,rue de lArtisanat,67700,Saverne
"CRA Pôle enfants 67 Unité dévaluation des Troubles du Développement Hôpital de lElsau,",D,Grand Est,15 rue Cranach    67200  STRASBOURG,388115952,15,rue Cranach,67200,STRASBOURG
CRA Pôle enfants 68,D,Grand Est,Centre Hospitalier de Rouffach 68250  ROUFFACH Cedex,389787810,,Centre Hospitalier de Rouffach,68250,ROUFFACH Cedex
PCO TND 56,D,Bretagne,6 allée Marie-Louise Trichet 56402  AURAY,297293801,6,allée Marie-Louise Trichet,56402,AURAY
PCO 17,D,Nouvelle-Aquitaine,16 Rue Pierre Loti 17104 SAINTES CEDEX,801900717,16,Rue Pierre Loti,17104,SAINTES CEDEX
PCO - TND 76 / 27,D,Normandie,CHU de Rouen - Hôpital Charles-Nicolle Service de Pédiatrie Néonatale et Neuropédiatrie  76000  ROUEN,646710034,,CHU de Rouen - Hôpital Charles-Nicolle Service de Pédiatrie Néonatale et Neuropédiatrie,76000,ROUEN
PCO TND 22,D,Bretagne,20 rue du Vau Méno  22000 SAINT BRIEUC,296655920,20,rue du Vau Méno,22000,SAINT BRIEUC
Hôpital Pitié Salpêtrière - Service de psychiatrie de l'enfant et de l'adolescent,D,Île-de-France,"47-83, bd de l'Hôpital 75013 PARIS",01 42 16 23 33 - 01 42 16 23 63,,"47-83, bd de l'Hôpital",75013,PARIS
Hôpital Robert Debré - Service de Psychiatrie de l'enfant et de l'adolescent,D,Île-de-France,48 bd Sérurier  PARIS,01 40 03 47 32 - 01 40 03 23 00 (pour le diagnostic précoce),,48 bd Sérurier  PARIS,,
UNITED - Centre Hospitalier de Lagny Marne-la-Vallée,D,Île-de-France,2-4 cours de la Gondoire 77600 JOSSIGNY,161106572,,2-4 cours de la Gondoire,77600,JOSSIGNY
CREDAT - Hôpital Ste Anne - GHU Paris psychiatrie & neurosciences,D,Île-de-France,1 rue Cabanis 75014 PARIS,01 45 65 87 74 - 01 45 65 83 37,1,rue Cabanis,75014,PARIS
CH Interdépartemental Fondation Vallée-CDE L'ENTRETEMPS-CHU de Bicêtre,D,Île-de-France,78 Avenue du Général Leclerc 94270 LE-KREMLIN-BICETRE,149085330,78,Avenue du Général Leclerc,94270,LE-KREMLIN-BICETRE
PEDIATED - CH de Versailles,D,Île-de-France,177 rue de Versailles 78157 LE-CHESNAY,139639753,177,rue de Versailles,78157,LE-CHESNAY
UNIDEP - Centre Hospitalier Jean Verdier,D,Île-de-France,Avenue du 14 juillet 93140 BONDY,148503141,,Avenue du 14 juillet,93140,BONDY
Centre Expert Asperger de Versailles,D,Île-de-France,177 rue de Versailles 78157 LE CHESNAY,139639380,177,rue de Versailles,78157,LE CHESNAY
Centre Expert Asperger Créteil,D,Île-de-France,40 rue de Mesly 94000 CRETEIL,149813290,40,rue de Mesly,94000,CRETEIL
PDAP Gonesse 95,D,Île-de-France,2 boulevard du 19 mars 1962 95500 GONESSE,130115821,2,boulevard du 19 mars 1962,95500,GONESSE
PDAP Secteur Ouest du 95,D,Île-de-France,16 rue de lEquerre 95310 SAINT OUEN LAUMONE,01 30 17 31 50 - 06 42 38 72 31,16,rue de lEquerre,95310,SAINT OUEN LAUMONE
PDAP Sud 92,D,Île-de-France,32-36 rue de Bellevue  92100 BOULOGNE-BILLANCOURT,189291314,,32-36 rue de Bellevue,92100,BOULOGNE-BILLANCOURT
La Boussole - PDAP 75,D,Île-de-France,46 rue Henri Huchard 75018 PARIS,140258172,46,rue Henri Huchard,75018,PARIS
PDAP Marne la Vallée 77 Nord,D,Île-de-France,8 rue Henri Dunant 77400 LAGNY-SUR-MARNE,,8,rue Henri Dunant,77400,LAGNY-SUR-MARNE
PDAP Melun 77,D,Île-de-France,214 rue du Caporal André Joubert 77190 DAMMARIE LES LYS,181742740,214,rue du Caporal André Joubert,77190,DAMMARIE LES LYS
PCO TND EST VAL D'OISE 95,D,Île-de-France,2 boulevard du 19 mars 1962 95500 GONESSE,182320588,2,boulevard du 19 mars 1962,95500,GONESSE
PCO TND HAND-AURA 77,D,Île-de-France,77000 MELUN,185860160,,77000 MELUN,,
PCO TND 75 HOVIA,D,Île-de-France,29 rue Violet 75015 PARIS,187039363,29,rue Violet,75015,PARIS
PCO TND  78,D,Île-de-France,177 rue de Versailles  78150  LE CHESNAY,139638669,177,rue de Versailles,78150,LE CHESNAY
PDAP VERNOUILLET NORD 78,D,Île-de-France,7 place Conte  78540  VERNOUILLET,184280860,7,place Conte,78540,VERNOUILLET
PCO TND 01,D,Auvergne-Rhône-Alpes,7 Place de la Gare 01460 MONTREAL-LA-CLUSE,428441045,7,Place de la Gare,01460,MONTREAL-LA-CLUSE
PCO-TND 54,D,Grand Est,12 rue de Bordeaux  54350  MONT-SAINT-MARTIN,382395232,12,rue de Bordeaux,54350,MONT-SAINT-MARTIN
PCO-TND 49,D,Pays-de-la-Loire,51 Rue du Vallon 49000 ANGERS,673071770,51,Rue du Vallon,49000,ANGERS
PCO-TND 44 Ouest,D,Pays-de-la-Loire,51 rue F. R. de Chateaubriand 44600  SAINT-NAZAIRE,649544977,51,rue F. R. de Chateaubriand,44600,SAINT-NAZAIRE
PCO-TND 53,D,Pays-de-la-Loire,36 rue Emile Brault 53000  LAVAL,788522067,36,rue Emile Brault,53000,LAVAL
PCO-TND de Vendée,D,Pays-de-la-Loire,CHD Les Oudairies   85925 LA ROCHE SUR YON,251473500,,CHD Les Oudairies,85925,LA ROCHE SUR YON
DEDICA,D,Pays-de-la-Loire,10 rue Saint André 72000 LE MANS,243756629,10,rue Saint André,72000,LE MANS
PCO TND 973 GUYANE,D,DROM - PTOM (97-98),445 Chemin Sadecki 97300 CAYENNE,594290131,445,Chemin Sadecki,97300,CAYENNE
PCO TND 971 GUADELOUPE,D,DROM - PTOM (97-98),Rue de la Poterie 97139  LES ABYMES,590859226,,Rue de la Poterie,97139,LES ABYMES
PCO TND 13,D,Provence-Alpes-Côte d'azur,78 boulevard des Libérateurs 13011 MARSEILLE,491876700,78,boulevard des Libérateurs,13011,MARSEILLE
PCO TND 82,D,Occitanie,8 place du Bicentenaire 82000 MONTAUBAN,563204419,8,place du Bicentenaire,82000,MONTAUBAN
PCO TND 42 / 43,D,Auvergne-Rhône-Alpes,67 rue Bergson 42100 SAINT ETIENNE,477465989,67,rue Bergson,42100,SAINT ETIENNE
PCO TND YONNE 89,D,Bourgogne-Franche-Comté,4 avenue P. Scherrer  89000 AUXERRE,386943988,4,avenue P. Scherrer,89000,AUXERRE
PCO Nièvre,D,Bourgogne-Franche-Comté,8 rue des Docks 58000 NEVERS,386719850,8,rue des Docks,58000,NEVERS
PCO TND CAMSP DU DOUBS 25,D,Bourgogne-Franche-Comté,9 Chemin de Palente 25000 BESANÇON,381477450,9,Chemin de Palente,25000,BESANÇON
PCO TND CAMSP AIRE URBAINE 90,D,Bourgogne-Franche-Comté,Rue de lAs de Carreau 90000   BELFORT,384901970,,Rue de lAs de Carreau,90000,BELFORT
PCO TND 21,D,Bourgogne-Franche-Comté,8 avenue Roland Carraz 21300 CHENOVE,380766319,8,avenue Roland Carraz,21300,CHENOVE
PCO TND CAMSP 39,D,Bourgogne-Franche-Comté,305 Rue Désiré Monnier 39000 LONS LE SAUNIER,384485145,305,Rue Désiré Monnier,39000,LONS LE SAUNIER
PCO TND 73,D,Auvergne-Rhône-Alpes,Place François Chiron  73011 CHAMBERY,479691348,,Place François Chiron,73011,CHAMBERY
PCO TND CAMSP DE CHARTRES 28,D,Centre-Val de Loire,34 rue du Docteur Maunoury 28018  CHARTRES,237303630,34,rue du Docteur Maunoury,28018,CHARTRES
PCO TND 41,D,Centre-Val de Loire,Mail Pierre Charlot 41000 BLOIS,254556398,,Mail Pierre Charlot,41000,BLOIS
PCO TND 45,D,Centre-Val de Loire,6 Ter Place Saint-Laurent 45000  ORLÉANS,238668442,6,Ter Place Saint-Laurent,45000,ORLÉANS
PCO TND AU FIL DE LA VIE 68,D,Grand Est,27 29 rue Kléber 68800  THANN,03 89 37 10 38 - 03 89 35 70 06,27,29 rue Kléber,68800,THANN
PCO TND CAMSP APF EPINAL 88,D,Grand Est,42 avenue du Rose Poirier 88000 EPINAL,329312898,42,avenue du Rose Poirier,88000,EPINAL
PCO TND 57,D,Grand Est,2 rue Augustin Fresnel 57070 METZ,387368686,2,rue Augustin Fresnel,57070,METZ
PCO TND 51,D,Grand Est,14 D allée des Landais 51100 REIMS,352020400,14,D allée des Landais,51100,REIMS
Plateforme TSA Meusienne 55,D,Grand Est,4 rue du Bastion St-Paul  55100  VERDUN,329737723,4,rue du Bastion St-Paul,55100,VERDUN
Plateforme TSA Nord Meurthe et Mosellane 54,D,Grand Est,12 rue de Bordeaux  54350  MONT-SAINT-MARTIN,382395232,12,rue de Bordeaux,54350,MONT-SAINT-MARTIN
Plateforme TSA Sud Meurthe-et-Mosellane 54,D,Grand Est,73 rue Isabey  54000 NANCY,383908671,73,rue Isabey,54000,NANCY
PLATEFORME DE DIAGNOSTIC AUTISME SAINT-DIZIER 52,D,Grand Est,carrefour Henri Rollin - BP142 52108  SAINT-DIZIER,325059887,,carrefour Henri Rollin - BP142,52108,SAINT-DIZIER
"PCO TND 59 CAMSP APF ""Valenciennes""",D,Hauts-de-France,56 rue Jean Jaurès 59410  ANZIN,327418780,56,rue Jean Jaurès,59410,ANZIN
PCO TND OISE 60,D,Hauts-de-France,8 rue de Setubal  60000 BEAUVAIS,344071641,8,rue de Setubal,60000,BEAUVAIS
PCO TND Aisne 02,D,Hauts-de-France,237 rue de Fayet 02100 SAINT-QUENTIN,323055636,237,rue de Fayet,02100,SAINT-QUENTIN
PCO TND DES FLANDRES 59,D,Hauts-de-France,182-184 Boulevard Vauban 59210 COUDEKERQUE-BRANCHE,328438283,,182-184 Boulevard Vauban,59210,COUDEKERQUE-BRANCHE
PCO TND ESPM AL 59,D,Hauts-de-France,1 rue Lommelet  59871 SAINT ANDRÉ LEZ LILLE,328385141,1,rue Lommelet,59871,SAINT ANDRÉ LEZ LILLE
PCO TND PEP 62,D,Hauts-de-France,3 rue de lAbbé Pierre 62000 ARRAS,321509250,3,rue de lAbbé Pierre,62000,ARRAS
PCO TND du Littoral,D,Hauts-de-France,23 bis rue Auber 62100  CALAIS,672466767,23,bis rue Auber,62100,CALAIS
GPA 79,D,Nouvelle-Aquitaine,11 rue de la Convention 79000 NIORT,05 49 09 79 60 / 07 57 46 10 53,11,rue de la Convention,79000,NIORT
ADAPEI Guyane,D,DROM - PTOM (97-98),Pôle d'Activités Sociales Chemin Sadecki Cité Grant 97300 CAYENNE,+594 594 29 01 31,,Pôle d'Activités Sociales Chemin Sadecki Cité Grant,97300,CAYENNE
Fondation Père Favron,D,DROM - PTOM (97-98),2 Rue des Aubépines 97470 SAINT-BENOIT,262512626,2,Rue des Aubépines,97470,SAINT-BENOIT
KALITEPOUVIV,D,DROM - PTOM (97-98),158 Rue des Rameaux 97139 LES ABYMES,590859226,158,Rue des Rameaux,97139,LES ABYMES
PCO TND 06  0/12 ans,D,Provence-Alpes-Côte d'azur,115 Promenade des Anglais  06200 NICE,497804320,115,Promenade des Anglais,06200,NICE
PCO TND 93,D,Île-de-France,1 rue de Rome   93110 ROSNY SOUS BOIS,178905500,1,rue de Rome,93110,ROSNY SOUS BOIS
PCO TND 84,D,Provence-Alpes-Côte d'azur,305 Rue Raoul Follereau 84000 AVIGNON,432759181,305,Rue Raoul Follereau,84000,AVIGNON
PCO-TND Charente,D,Nouvelle-Aquitaine,101 avenue de Varsovie 16000 ANGOULEME,517008248,101,avenue de Varsovie,16000,ANGOULEME
PCO TND 23,D,Nouvelle-Aquitaine,28 rue Jeanne dArc  23000  GUERET,763749162,28,rue Jeanne dArc,23000,GUERET
PCO TND 0/6 ans Corrèze,D,Nouvelle-Aquitaine,19 Bd du Marquisat 19000 TULLE,555172020,19,Bd du Marquisat,19000,TULLE
PCO TND 87,D,Nouvelle-Aquitaine,10 rue bougainville 87000  LIMOGES,587418872,10,rue bougainville,87000,LIMOGES
PCO TND GERS 32,D,Occitanie,14 Rue Eugène Sue  32000 AUCH,562635536,14,Rue Eugène Sue,32000,AUCH
PCO TND 09,D,Occitanie,1 rue Salvador Allende   09000  FOIX,786771670,1,rue Salvador Allende,09000,FOIX
PCO TND 11,D,Occitanie,12 Rue Henri Dunant   11100  NARBONNE,618503316,12,Rue Henri Dunant,11100,NARBONNE
PCO TND 12 AVEYRON,D,Occitanie,1 rue de lAbbé Bessou 12000 RODEZ,978314875,1,rue de lAbbé Bessou,12000,RODEZ
PCO TND 31,D,Occitanie,Place du Docteur Bayla 31059  TOULOUSE,561776374,,Place du Docteur Bayla,31059,TOULOUSE
PCO TND 46,D,Occitanie,173 Rue Montaudié 46000 CAHORS,675076119,173,Rue Montaudié,46000,CAHORS
PCO TND 65,D,Occitanie,74 avenue d'azereix 65000  TARBES,674126015,74,avenue d'azereix,65000,TARBES
PCO TND 66,D,Occitanie,,619709244,,,,
PCO TND 34,D,Occitanie,291 av. du Doyen Gaston Giraud 34295 MONTPELLIER,,291,av. du Doyen Gaston Giraud,34295,MONTPELLIER
PCO TND 10,D,Grand Est,77 Rue de Preize 10000  TROYES,325761616,77,Rue de Preize,10000,TROYES
PCO TND 14,D,Normandie,3 rue du Docteur Laennec    14200  HEROUVILLE SAINT-CLAIR,261671136,3,rue du Docteur Laennec,14200,HEROUVILLE SAINT-CLAIR
PCO TND 50,D,Normandie,"682 rue Jules Vallès, 50 000 SAINT-LO",06 07 01 29 02 / 06 33 70 73 17,,"682 rue Jules Vallès, 50 000 SAINT-LO",,
PCO TND 61,D,Normandie,31 rue Anne-Marie Javouhey 61000  Alençon,0786516279 / 0233807199,31,rue Anne-Marie Javouhey,61000,Alençon
PCO TND de l'Ardèche et de la Drôme (07/26),D,Auvergne-Rhône-Alpes,64 Allee du Concept 26500 BOURG-LÈS-VALENCE,475552554,64,Allee du Concept,26500,BOURG-LÈS-VALENCE
PCO TND du Bas-Rhin,D,Grand Est,33 rue du barrage  67300  SCHILTIGHEIM,388815197,33,rue du barrage,67300,SCHILTIGHEIM
PCO TND 64 Antenne BEARN,D,Nouvelle-Aquitaine,29 avenue du 18e régiment d'infanterie   64000 PAU,631559220,29,avenue du 18e régiment d'infanterie,64000,PAU
PCO TND 64 Antenne Côte Basque,D,Nouvelle-Aquitaine,10 place André Emlinger 64100  BAYONNE,624721505,10,place André Emlinger,64100,BAYONNE
PDAP La Rose des Vents,D,Île-de-France,2 Avenue Dorian 75012  PARIS,170616985,2,Avenue Dorian,75012,PARIS
PCO TND 47,D,Nouvelle-Aquitaine,36 rue de Barleté  47000  AGEN,553660612,36,rue de Barleté,47000,AGEN
PCO TND 40,D,Nouvelle-Aquitaine,,809109109,,,,
Centre du Neurodéveloppement Adultes - Hôpital Pitié Salpêtrière,D,Île-de-France,47 boulevard de l'Hôpital 75013 PARIS,CONTACT PAR MAIL SEULEMENT,47,boulevard de l'Hôpital,75013,PARIS
DIP Les Comètes 94,D,Île-de-France,32 rue Paul-Francois Avet 94000 CRETEIL,675415536,32,rue Paul-Francois Avet,94000,CRETEIL
PCO TND (7/12ans) 13,D,Provence-Alpes-Côte d'azur,3 square Stalingrad 13001 MARSEILLE,769001595,3,square Stalingrad,13001,MARSEILLE
PCO TND (7/12ans) 76 27,D,Normandie,4 rue du bac 76000 ROUEN,277232128,4,rue du bac,76000,ROUEN
PCO TND 05,D,Provence-Alpes-Côte d'azur,11 Rue des Marronniers  05000  GAP,492565035,11,Rue des Marronniers,05000,GAP
PCO TND 08,D,Grand Est,12 Cours Briand 08000 CHARLEVILLE-MEZIERES,785947595,12,Cours Briand,08000,CHARLEVILLE-MEZIERES
PCO TND 70,D,Bourgogne-Franche-Comté,1 cours François Villon 70000 VESOUL,384770077,1,cours François Villon,70000,VESOUL
PCO TND 24,D,Nouvelle-Aquitaine,Cité Administrative Bugeaud 24000 PERIGUEUX,553020299,,Cité Administrative Bugeaud,24000,PERIGUEUX
PCO TND (7/12ans) 62,D,Hauts-de-France,3 boulevard Georges Besnier 62000 ARRAS,361478153,3,boulevard Georges Besnier,62000,ARRAS
PCO TND 37,D,Centre-Val de Loire,2 boulevard Tonnellé 37000 TOURS,247477654,2,boulevard Tonnellé,37000,TOURS
C3RP - Centre Ressource - Remédiation cognitive réhabilitation psycho sociale,D,Île-de-France,GHU Paris - Hôpital Sainte Anne 75014 PARIS,145658450,,GHU Paris - Hôpital Sainte Anne,75014,PARIS
PCO TND 48,D,Occitanie,53 avenue du 8 mai 1945 48000 MENDE,698470443,53,avenue du 8 mai 1945,48000,MENDE
PCO TND 94 EST,D,Île-de-France,23 avenue Ste Marie  94000 CRETEIL,157023566,23,avenue Ste Marie,94000,CRETEIL
PCO TND 30,D,Occitanie,60 rue Montaury 30000 NIMES,466677026,60,rue Montaury,30000,NIMES
PCO TND 72,D,Pays-de-la-Loire,32 rue d'Australie 72000 LE MANS,272340760,32,rue d'Australie,72000,LE MANS
PCO TND 92,D,Île-de-France,32-36 rue de Bellevue  92100 BOULOGNE-BILLANCOURT,189291315,,32-36 rue de Bellevue,92100,BOULOGNE-BILLANCOURT
PCO TND 91,D,Île-de-France,45 Avenue du Général De Gaulle 91600  SAVIGNY-SUR-ORGE,169000120,45,Avenue du Général De Gaulle,91600,SAVIGNY-SUR-ORGE
PCO TND AIX,D,Provence-Alpes-Côte d'azur,Avenue des Tamaris 13616 AIX EN PROVENCE,442335123,,Avenue des Tamaris,13616,AIX EN PROVENCE
PCO TND Arles,D,Provence-Alpes-Côte d'azur,Centre hospitalier d'Arles - Hopital Joseph Imbert Quartier Fourchon  13637 ARLES,616862996,,Centre hospitalier d'Arles - Hopital Joseph Imbert Quartier Fourchon,13637,ARLES
PCO TND Salon,D,Provence-Alpes-Côte d'azur,207 av Julien Fabre 13300 SALON DE PROVENCE,608274519,207,av Julien Fabre,13300,SALON DE PROVENCE
PCO TND MARTINIQUE,D,DROM - PTOM (97-98),établissements Aloès 97224 DUCOS,596748677,,établissements Aloès,97224,DUCOS
EMA 74,D,Auvergne-Rhône-Alpes,259 rue de Savoie 74700 SALLANCHES,450479497,259,rue de Savoie,74700,SALLANCHES
PCO TND Sud (7/12ans) 29,D,Bretagne,Rue du 19 mars 1962 29120  PONT LABBE,298825640,,Rue du 19 mars 1962,29120,PONT LABBE
LEA2HN,D,Auvergne-Rhône-Alpes,Hôpital Bellevue 42100 SAINT-ETIENNE,477618306,,Hôpital Bellevue,42100,SAINT-ETIENNE
Centre Référent des Troubles dApprentissage (CRTA),D,Pays-de-la-Loire,CHU de Nantes - CRTA Immeuble Jean-Monnet rez-de-chaussée haut 30 bd Jean-Monnet  44000  NANTES,,,CHU de Nantes - CRTA Immeuble Jean-Monnet rez-de-chaussée haut 30 bd Jean-Monnet,44000,NANTES
HDJ-TND CLINIQUE BRETECHE,D,Pays-de-la-Loire,3 RUE DE LA BERAUDIER 44000 NANTES,251868686,3,RUE DE LA BERAUDIER,44000,NANTES
PCO TND (7/12ans) 85,D,Pays-de-la-Loire,Route de Beaupuy 85009 MOUILLERON-LE-CAPTIF,285755019,,Route de Beaupuy,85009,MOUILLERON-LE-CAPTIF
PCO - TND 55,D,Grand Est,18 rue dAnthouard  55200 VERDUN,06 99 77 26 75 / 06 99 77 27 18,18,rue dAnthouard,55200,VERDUN
PCO TND (7/12ans) 59,D,Hauts-de-France,4 rue Jean Dauby 59300 VALENCIENNES,607310697,4,rue Jean Dauby,59300,VALENCIENNES
C2RB,D,Bourgogne-Franche-Comté,1 Bd Chanoine Kir 21033 DIJON,380424807,1,Bd Chanoine Kir,21033,DIJON
PCO TND 86,D,Nouvelle-Aquitaine,10 allée Champ Dinard  86440  MIGNE AUXANCES,549596986,10,allée Champ Dinard,86440,MIGNE AUXANCES
PLATEFORME  AUTISME - TND MAYOTTE,D,DROM - PTOM (97-98),quartier de Doujani  97600 MAMOUDZOU,,,quartier de Doujani,97600,MAMOUDZOU
PCO TND 52,D,Grand Est,4 Rue Decomble 52000  CHAUMONT,620537217,4,Rue Decomble,52000,CHAUMONT
PCO TND 74,D,Auvergne-Rhône-Alpes,20 rue de l'Egalité 74800 LA ROCHE SUR FORON,673390482,20,rue de l'Egalité,74800,LA ROCHE SUR FORON
EMEICO,D,Pays-de-la-Loire,208 rue Marius Lacroix - BP 519 17022 LA ROCHELLE,546459981,208,rue Marius Lacroix - BP 519,17022,LA ROCHELLE
PCO TND AGIVR,D,Auvergne-Rhône-Alpes,227 boulevard Gambetta  69400 VILLEFRANCHE SUR SAÔNE,469372217,227,boulevard Gambetta,69400,VILLEFRANCHE SUR SAÔNE
SITED,D,Hauts-de-France,rue Guy Boulet 60480  BREUIL LE SEC,344775086,,rue Guy Boulet,60480,BREUIL LE SEC
Centre Expert Asperger CHAI,D,Auvergne-Rhône-Alpes,8 Place du Conseil national de la Résistance 38400 SAINT MARTIN D'HERES,456588801,8,Place du Conseil national de la Résistance,38400,SAINT MARTIN D'HERES
UNITE PETAL,D,Pays-de-la-Loire,5 allée de l'Île-Gloriette 44000 NANTES,253526180,5,allée de l'Île-Gloriette,44000,NANTES
PCO TND 7/12 ans Nord Franche-Comté,D,Bourgogne-Franche-Comté,11 rue de Phaffans 90380 ROPPE,775109399,11,rue de Phaffans,90380,ROPPE
PCO TND 7/12 ans Vaucluse,D,Provence-Alpes-Côte d'azur,178 avenue lepine 84700 SORGUES,490020116,178,avenue lepine,84700,SORGUES
PCO TND 7/12 ans Charente,D,Nouvelle-Aquitaine,31 Rue du Stade 16400 LA COURONNE,545662121,31,Rue du Stade,16400,LA COURONNE
PCO TND 7/12 ans Alpes-de-Haute-Provence,D,Provence-Alpes-Côte d'azur,118 rue des Plantiers 04100 MANOSQUE,614741593,118,rue des Plantiers,04100,MANOSQUE
CAMPILLES,D,Occitanie,avenue du Roussillon 66300 THUIR,468846580,,avenue du Roussillon,66300,THUIR
PCO TND 7/12 ans,D,Occitanie,14 rue Eugène Sue 32000 AUCH,562612089,14,rue Eugène Sue,32000,AUCH
PCO TND 7/12 ans Corrèze,D,Nouvelle-Aquitaine,25 quai Gabriel Péri 19000 TULLE,555172020,25,quai Gabriel Péri,19000,TULLE
CRA Nord Pas de Calais,R,Hauts-de-France,255 rue Nelson Mandela 59120 LOOS,320606259,255,rue Nelson Mandela,59120,LOOS
CRA Picardie,R,Hauts-de-France,1 Rond-point du Pr Christian Cabrol 80000 AMIENS,322667540,1,Rond-point du Pr Christian Cabrol,80000,AMIENS
CRA Bretagne  Unité dappui et de coordination (UAC),R,Bretagne,3 rue Edouard Belin 29200 BREST,298855890,3,rue Edouard Belin,29200,BREST
CRA Poitou Charente,R,Nouvelle-Aquitaine,CH Henri Laborit - Pavillon Lagrange - Entrée 29 86000 POITIERS,549445759,,CH Henri Laborit - Pavillon Lagrange - Entrée 29,86000,POITIERS
CRA PACA Marseille,R,Provence-Alpes-Côte d'azur,270 boulevard Sainte-Marguerite ou 20 avenue Vitton 13009 MARSEILLE,491745439,270,boulevard Sainte-Marguerite ou 20 avenue Vitton,13009,MARSEILLE
CRA Languedoc-Roussillon,R,Occitanie,291 av du Doyen Giraud 34295 MONTPELLIER,467339968,291,av du Doyen Giraud,34295,MONTPELLIER
CRA Corse,R,Corse,2 Pôles : Bastia et Ajaccio,495565850,,2 Pôles : Bastia et Ajaccio,,
CRA Guadeloupe,R,DROM - PTOM (97-98),Rue Thomas Edison  97122 BAIE-MAHAULT,590252390,,Rue Thomas Edison,97122,BAIE-MAHAULT
CRA  Normandie,R,Normandie,27 rue des Compagnons 14000 CAEN,231065820,27,rue des Compagnons,14000,CAEN
CRA  Normandie Seine - Eure,R,Normandie,4 Rue Paul Eluard  76300 SOTTEVILLE-LES-ROUEN,232951864,4,Rue Paul Eluard,76300,SOTTEVILLE-LES-ROUEN
CRA de Franche-Comté,R,Bourgogne-Franche-Comté,3 rue Victor Sellier  25000 BESANCON,381218244,3,rue Victor Sellier,25000,BESANCON
CRA Champagne Ardenne,R,Grand Est,Avenue du Général Knig 51090 REIMS,326783967,,Avenue du Général Knig,51090,REIMS
CRA Pays- de- la-Loire,R,Pays-de-la-Loire,4 rue Larrey 49900 ANGERS,241353121,4,rue Larrey,49900,ANGERS
CRA Lorraine,R,Grand Est,1 rue du Docteur Archambault 54520 LAXOU,383926676,1,rue du Docteur Archambault,54520,LAXOU
CRA Bourgogne,R,Bourgogne-Franche-Comté,19-21 rue René Coty 21000  DIJON,380295419,,19-21 rue René Coty,21000,DIJON
CRA Rhône Alpes,R,Auvergne-Rhône-Alpes,95 boulevard Pinel 69500 BRON,437915465,95,boulevard Pinel,69500,BRON
CRA Alsace,R,Grand Est,13 rue Charles Sandherr 68000  COLMAR,389201195,13,rue Charles Sandherr,68000,COLMAR
CRA Auvergne,R,Auvergne-Rhône-Alpes,58 rue Montalembert 63000 CLERMONT-FERRAND,473751948,58,rue Montalembert,63000,CLERMONT-FERRAND
CRA Réunion,R,DROM - PTOM (97-98),14 ruelle Rivière 97436  SAINT LEU,+262 262 22 59 52,14,ruelle Rivière,97436,SAINT LEU
CRA Centre Val de Loire,R,Centre-Val de Loire,2 Boulevard tonnellé 37000 TOURS,254352424,2,Boulevard tonnellé,37000,TOURS
CRA Limousin,R,Nouvelle-Aquitaine,23 Avenue Dominique Larrey   87000 LIMOGES,555058984,23,Avenue Dominique Larrey,87000,LIMOGES
CRA Martinique,R,DROM - PTOM (97-98),Immeuble Antares 97200  LE LAMENTIN,+596 596 48 83 60,,Immeuble Antares,97200,LE LAMENTIN
CRA Guyane Française,R,DROM - PTOM (97-98),10 rue des Galaxies 97300  CAYENNE,594298424,10,rue des Galaxies,97300,CAYENNE
CRA Midi-Pyrénées,R,Occitanie,2 rue du lieutenant Guy Dedieu 31300 TOULOUSE,523610400,2,rue du lieutenant Guy Dedieu,31300,TOULOUSE
CRA PACA Antenne de Nice,R,Provence-Alpes-Côte d'azur,57 avenue de la Californie 06200 NICE,492030439,57,avenue de la Californie,06200,NICE
CRA Aquitaine,R,Nouvelle-Aquitaine,121 Rue de la Béchade  33000 BORDEAUX,556566719,121,Rue de la Béchade,33000,BORDEAUX
CRAIF - Centre de Ressources Autisme Ile-de-France,R,Île-de-France,10 rue Waldeck Rochet 93300 AUBERVILLIERS,149285420,10,rue Waldeck Rochet,93300,AUBERVILLIERS
GNCRA - Groupement National des Centres Ressources Autisme,R,France,10 rue Waldeck Rochet  93300 AUBERVILLIERS,,10,rue Waldeck Rochet,93300,AUBERVILLIERS
INTIMAGIR IDF,R,Île-de-France,,623791425,,,,
INTIMAGIR LA REUNION,R,Réunion,,262254015,,,,
INTIMAGIR PACA,R,Provence-Alpes-Côte d'azur,,782570285,,,,
INTIMAGIR BFC,R,Bourgogne-Franche-Comté,,611591052,,,,
INTIMAGIR CVL,R,Centre-Val de Loire,,247760508,,,,
INTIMAGIR ARA,R,Auvergne-Rhône-Alpes,,749889879,,,,
INTIMAGIR PDL,R,Pays-de-la-Loire,,800081111,,,,
INTIMAGIR BRETAGNE,R,Bretagne,,299295016,,,,
INTIMAGIR OCCITANIE,R,Occitanie,,678234190,,,,
INTIMAGIR NORMANDIE,R,Normandie,,756214065,,,,
INTIMAGIR HDF,R,Hauts-de-France,,392100500,,,,
INTIMAGIR CORSE,R,Corse,,699542688,,,,
INTIMAGIR GE,R,Grand Est,,649481719,,,,
INTIMAGIR NA,R,Nouvelle-Aquitaine,2 rue Ronsard 33400 TALENCE,,2,rue Ronsard,33400,TALENCE
Centre de ressources CAA - Equipe et Moi en CAA,R,Bretagne,,297826184,,,,
